DRD2_rs1800497,SLC6A4_rs25531,COMT_rs4680,MAOA_rs6323,HTR2A_rs6313,DRD2_methyl,SLC6A4_methyl,COMT_methyl,MAOA_methyl,HTR2A_methyl,Drug_Exposure_Years,Addiction_Susceptibility_Score,Serotonin_Level,Dopamine_Level
2,1,2,2,1,44.72025405048357,74.88263369633064,65.73534821701286,29.238311041219312,91.06057172144217,2,0.6384887847991355,93.18195171045213,124.6915333978508
0,1,2,2,0,60.05943333606173,65.11475848816741,47.22818041629817,44.391945450637785,50.98540095504577,4,0.3197431954076949,158.7044381392737,102.34714591265224
2,2,2,0,0,51.567942769649775,62.092856747843115,88.0156737921485,2.1913328775008956,50.127564462572934,8,0.05711716337044326,175.4623394869785,108.50645544348156
2,1,2,0,2,91.93919732144174,35.23749466096544,21.57406791764541,30.1046077834313,5.024300982298213,5,0.13762973439836135,179.37344328474515,149.7839889198741
0,0,0,0,0,49.696348290583025,84.144755308476,67.78132003100443,50.26312426301305,3.491155265622381,1,0.0009294168699610639,97.3995711687841,38.995205216401565
0,0,2,1,2,99.21580148233127,47.128716739816454,60.775212225272256,5.617607734743901,55.11599619163721,12,0.9032236273447073,177.83185868025112,56.76117882404796
2,0,1,0,2,85.14249577450957,97.91049380151546,29.53014775718328,49.10957293831652,43.81786132483445,4,0.02461798384123859,56.14009165615181,78.94751248458562
1,2,1,2,1,20.85105143573358,63.41421382957368,13.660090365117261,92.71106288584274,83.91803949802986,7,0.20945576950951106,57.44922371895783,71.73388836586646
2,1,2,0,1,93.05952146439162,12.626474156450273,65.16397604772766,10.539321810780521,16.067958471184518,0,0.41626278068790734,143.52787927612317,32.59746736163803
2,0,2,2,1,11.636639788547608,67.6177562075434,73.85974581323308,76.44407280755044,2.49716621170496,19,0.3565713259508191,59.46595536733194,41.0133127765411
2,2,1,1,2,81.74497084911916,32.5104015431699,31.562734376335,40.967105337599264,44.903876793012586,11,0.9117258769127757,98.69137527652423,111.71439496842915
2,1,1,2,1,38.06232934765801,68.63271966860974,64.48326040223138,65.5173714524338,23.74785567522575,10,0.040288945734542114,150.9133979370386,135.51893560350726
0,2,0,2,0,87.79743204450695,6.964114816240574,39.51309076115032,26.023659798522935,4.961437333883745,6,0.5122147076770516,100.59003440813396,91.7072413519173
2,0,1,0,0,86.80566901074504,17.48814371759594,71.32068832826177,15.949226254135828,72.4598286847629,14,0.680479462524374,76.9399672160144,94.70292954163595
1,0,1,0,2,80.59254001176211,85.57372589057863,19.92152748940531,16.046261427122644,11.159299995724748,10,0.9316979736811688,92.20259327807625,60.61121193988553
0,0,2,2,2,79.00304363070614,22.71795570235149,89.02150026361744,7.049194564314465,60.83195000077717,15,0.620371252123721,118.63629983756476,122.14516363604537
1,2,1,0,1,30.46791390980408,83.704112524294,28.74095964655797,18.564670490124303,28.104975016688915,2,0.8037552360117627,121.30787830332235,120.21535048407077
1,2,0,1,2,8.091928305125219,27.927608845441043,36.77859877561529,66.42193849889682,17.3496050355022,19,0.0837249378453484,167.4500347020803,100.6038827061188
1,0,1,1,2,40.29801787651615,64.28819100587077,5.8091952080349785,88.16906118435081,37.97515229193175,13,0.38593951093692735,162.52298441472686,55.51971438136114
1,2,2,0,0,17.35245149865087,69.4150573509831,11.15122123212764,81.41256855911618,80.14457762229537,2,0.37394713447906747,118.52267068342027,41.64218618845074
0,0,2,1,0,69.49510889024617,51.265475314505295,51.58619027123281,68.51343098744842,39.20935769045727,0,0.8862882164557176,176.8501023648157,37.708629102855106
0,0,1,0,1,34.609972653778556,30.531067669673128,26.75926767279715,11.043186341110268,75.07696492110557,14,0.15137117126327493,67.13557078870937,101.12352799714533
1,1,2,2,2,97.56102008599149,21.264437637109612,83.54802257421944,28.918744629594983,12.548629679915068,0,0.15188617233663027,88.30300253433522,129.004238297136
1,2,0,2,2,64.0972077345332,3.318935456242622,1.4693388654953843,30.980687532246897,77.27714196650791,16,0.32855814988579846,174.19646952533773,132.99965181371098
0,0,0,1,0,82.24805636343609,30.39464012407238,37.90940486719362,24.99569463976212,23.693332490664865,1,0.05446604736683758,106.69910579392297,85.63464892121398
0,0,1,0,2,13.252467274184843,65.3162790531283,33.73455467690927,51.50056597097231,67.73931298888728,19,0.18245804065249005,197.17723381907632,124.11255591680603
0,2,1,0,0,86.20144822726226,93.83048184484826,1.9327630917601035,53.55538148796726,56.57815548409963,5,0.9652096385457352,119.93799222917531,143.62562356092283
2,1,1,1,1,92.27571905133944,87.1204482263052,12.436839900051023,35.68859751711102,92.91447172116874,7,0.42818393986717285,168.7903434445646,63.02041349856816
2,1,2,2,0,48.70619188189359,76.60647765353026,41.36426749186353,35.3789158736436,38.732251797531404,15,0.6320192084224364,110.34605620735579,77.75524156569085
2,0,0,1,2,60.625293775097745,78.84473432532987,49.28645844474466,82.85555979060814,6.616518883444044,18,0.7261112593446369,113.74302785936456,141.77747911160168
1,2,0,2,1,76.48098009029954,66.49849034759953,40.42897472548691,78.92928483196856,1.9155485551252904,0,0.3669614070072005,107.43247209262752,70.58771607807418
2,1,2,0,0,17.483862726041256,26.0286857566003,53.093767841209385,30.779583168074566,82.6858560972753,2,0.14722707441051697,157.86134307662178,139.66515483861554
1,2,0,2,0,50.25660764634424,90.71950307058299,59.51316749056815,91.37884438732593,52.473563766143215,2,0.20658101622178082,132.12768260899918,147.7253834705359
1,2,1,1,1,39.86630277723131,67.0732311905834,0.992382112783563,95.2815017002506,77.52440518349492,4,0.31326647658061035,191.56671670525537,109.41728742893096
2,0,1,0,1,14.63739921622491,56.04406309804399,46.409515945350385,32.67425420300408,23.44256000115147,11,0.6360684203522257,87.63354748011571,128.0268347405002
1,1,1,1,0,36.753442229153144,11.098946921348107,96.34992408875883,35.442494879305485,34.50837455132337,11,0.3982805490890544,65.08440981251665,119.94546770653022
2,0,0,1,2,6.817230938549357,44.70555438064254,51.90322801295487,50.56341534219588,3.010387221131894,19,0.006814697900128119,108.98922276488229,113.94411091386286
2,1,1,2,0,2.5811906949486985,46.03582712019263,67.75422674589532,94.11208125336735,96.14923245741122,12,0.5234071850674719,142.5069061470164,66.83172875774791
0,1,2,1,1,13.516628915482276,86.45636095226699,31.18638579168832,87.63194331423115,66.78679067008134,19,0.9215133919074179,179.11984053732425,36.85132054895325
2,1,2,2,0,96.31151115891738,54.66482201877885,77.39913781527625,10.25679625835898,93.32050877593062,8,0.812077611008679,101.92953300204914,71.16620790235808
0,1,0,0,1,54.952953589501696,38.04005489704097,77.2921481876115,39.27307432714162,26.549640742907233,6,0.8252113712596311,148.06801266866924,110.0323182244688
2,1,2,2,1,96.582216115322,97.68003285106593,52.129604765413895,55.33711897497719,61.146361122566084,3,0.7950580176061312,102.52980215348285,42.30350378733617
2,2,2,0,2,43.2497878330132,11.072059332631568,97.60138232792136,50.313247255154,67.84999682926379,18,0.32373082561042366,142.5829374491687,31.43015795738905
0,0,0,2,1,31.181613308525957,42.25484283119446,12.555021476265338,19.38630679368927,31.754970025758844,18,0.765193833754392,182.72119205459762,46.76308471235264
0,2,1,1,1,50.61418628402441,4.202467517140529,1.6947664889580993,85.88167711681547,84.81092350156301,5,0.143161357811193,84.70364633891135,115.88831116929543
2,1,1,2,2,43.95116886329101,73.99041207669303,77.0158211757096,67.69407829968374,94.71614629002478,12,0.6577161472759535,110.63624631605587,146.73524419877327
1,0,1,2,1,10.566468426174392,91.80765521991506,80.71555373648826,83.79083748518036,88.48551176960044,10,0.6415685666849944,198.98977946446198,147.96776395377844
0,1,0,0,2,64.08263146902063,28.003732955048942,12.020722912057625,85.87642793494722,73.90669759393725,12,0.02556979908973467,180.2835542374191,89.27749789682255
1,0,2,1,2,21.60381825095996,85.83416767991208,26.55828329586061,74.83558536657398,27.746467972495402,12,0.7879701335909316,134.69597868443032,134.3222761190817
1,2,1,2,1,61.95879548978296,29.221823046189776,1.755236336662891,43.92106012497173,28.161604210563173,19,0.9032481050951305,127.49413877814129,118.41917469018048
1,0,1,1,1,65.02010923981534,91.07701616439152,29.33086107805647,61.054675501542455,96.3360320446038,14,0.26741527847210766,92.69005734570214,90.1248284381524
0,0,0,2,0,15.20248531286481,75.3961903596784,77.31418739186715,16.036540611974313,1.0284495935692028,12,0.8123907241861509,127.5814141540294,98.73126395461041
1,0,1,2,2,6.134962711066816,80.49067768414386,51.79605277125789,67.36454174749078,71.60499732421445,10,0.0824059718619482,177.22722474199207,46.46725759402453
0,0,0,1,0,78.07615860684398,1.80065556004545,34.80955931682881,17.925325573928074,70.62461625552622,18,0.599967858261066,152.77617699166709,142.51937527399105
1,0,2,2,1,45.98004237693202,96.2810357074026,37.17392949063303,69.39495905101568,62.26895409497975,7,0.48564686533427714,93.50660422669799,72.23157248781321
2,1,0,1,0,5.816379550547579,72.66709920703232,0.1353625715468154,22.959816075396866,99.01088460868658,19,0.545923533309,80.21958815802995,83.53791077486034
2,0,0,2,2,99.48663171697672,30.47510953861333,29.98005275652359,11.755130015021997,31.187943576372522,7,0.9262052018843451,89.78128054952437,110.59922771974784
0,0,0,0,0,5.778056099636664,82.9394664858847,64.64587416379305,16.52844901429574,33.997186379324816,9,0.8713152472468535,75.46388020892398,70.06829658318648
2,2,0,1,2,69.50352288585532,28.152119841492997,97.41944438163571,0.1992135219070268,7.893940294655555,15,0.785083657239757,64.34610440355739,60.51109931867167
2,0,2,2,1,98.36789252634136,87.2753839566128,84.70608269838995,71.87396178535302,44.27981365437375,18,0.273698457678371,112.87042616630825,105.72592719242647
1,2,2,2,1,23.918010421592562,11.258039041193701,2.3594964645529126,73.24010490583791,26.10485262348481,10,0.9118186286860916,66.99494065974015,32.99808987382193
0,1,1,0,2,14.224936868719617,70.36859774607957,89.85606046748393,51.493334991325945,34.338670217764424,12,0.09750769246387525,75.78688365906565,116.48701344320146
1,0,2,1,1,12.138493942242889,54.069847664491036,78.3198413298626,16.13628010553837,83.45717902556277,8,0.8533292165587878,132.09870265092292,91.68280438518117
1,2,2,2,1,30.327514756759555,9.653447019544082,78.03761235709804,8.355433751068976,93.54845135274957,19,0.3281600723536078,74.68989105493621,102.69044766251213
1,2,1,0,1,10.10458110106467,24.189382825883897,45.79957590035715,1.912896643728701,18.573307200518563,18,0.053772311661983374,59.58196511463542,105.82561910962622
1,1,2,2,1,69.2161341694132,1.240403627731479,39.80052929545028,16.57481769652207,37.25089315534659,15,0.6693569842407483,97.60832750418278,93.24601877910764
1,0,0,1,2,6.229179813006269,46.876796546450585,30.29157288331926,89.08555349831467,92.8630562115394,6,0.23127992831595545,83.04786479329513,99.90405329288832
1,0,0,2,0,50.94221281497897,30.126526076000037,6.569485895436578,24.153684170168177,6.180846068922263,18,0.24357112586463192,127.29577819915652,112.05458410678494
1,2,1,2,0,99.66968538529768,59.83574842977588,22.82353634936991,35.42713272172156,9.236052811137851,11,0.3060471662287715,65.3550626874814,120.3742616615609
0,0,1,2,1,81.39702695060188,29.72378077086172,24.66036349780246,10.534548448133318,16.279098920622936,14,0.06368476750251673,162.76561815244673,117.29428695433445
2,2,1,2,0,61.52194382310109,29.99191115069847,48.40770697102016,22.236130474817028,59.521283412687474,13,0.17712714419825404,185.9350279152708,134.3539749278714
1,0,0,0,0,30.625362078661166,74.31931987316034,74.7444406596694,51.922457078020514,15.047227100599747,10,0.005139627585560302,161.51527609342918,52.73321198008833
1,2,2,0,1,62.389583629163845,4.814283597835345,47.38098283979466,60.775268309565256,96.80763814507335,9,0.4454095211057868,129.92405561020914,78.13775633901571
1,0,0,1,1,52.70414639116516,90.28949951919873,5.784444944716061,24.535231416621105,44.671452725852035,10,0.08425537741797129,179.10017326833278,143.73552792173484
1,1,1,0,0,42.60833838903715,85.22638743911814,95.77898009882038,5.773215922511721,50.15179603501664,5,0.682652605044199,154.23775696722612,77.59086892635958
1,0,2,0,2,13.071037674019948,66.78046832264066,94.27243190941122,39.10328691273987,24.66586158054065,1,0.23562285119164839,51.58266836752848,44.98440922871072
1,0,2,1,1,88.66042152404667,59.32215701073843,78.51895431484084,23.420337092633414,47.09602524347335,10,0.9435741440351771,109.11352291617547,93.05341516346155
2,1,0,0,2,44.97846488213225,89.23024981396523,99.13279015642206,21.955392322980195,66.19136326370115,18,0.8712516273986526,177.64278491102,43.13891670653546
2,0,1,0,0,19.462251182076507,18.533017952871443,54.448233280026294,95.98628027134552,75.11771369540428,5,0.28944089496820824,101.87882869629038,54.342388647343824
1,1,0,1,1,36.77593508772896,7.896916219082861,96.27683502532061,61.63004859257241,75.3868082709913,13,0.7832154546566787,55.28227602882853,149.7982507885148
2,0,2,1,2,41.4129752528927,23.95101699095381,7.560504061675077,55.68784431720959,57.789111269408835,19,0.8032449046648062,161.92694578284085,94.96351660753584
0,2,0,1,1,82.75378955668742,79.45782787001903,36.568074826137135,41.57751035233219,90.43597749938573,5,0.9865631141144104,170.30574054243027,64.08700668485147
1,2,0,2,0,73.3614380561402,3.4670266726483323,22.538126800676583,42.89443334301443,81.74078473061094,16,0.597839986845685,74.08905425649628,149.37299454886875
0,0,1,2,2,76.93048936413398,58.280683508348964,19.583308413427,54.090500383808084,75.70481146986255,9,0.08196573464366219,130.6010745264772,145.98707022661716
0,0,1,1,0,1.1031264428647214,99.54375161913099,14.08029488926761,69.64298070361072,5.560552168046062,0,0.646837228926381,78.79331584935886,82.88868493011162
1,0,2,1,0,41.615399817976154,85.56960938375394,62.241364156599666,70.21460961818295,0.6877962219649314,2,0.6249797483760352,157.885162856622,61.248373054549006
2,2,0,1,1,48.13441516353236,52.14456890435895,78.1321855747305,17.169390770544958,21.244727719547296,7,0.6383505774204318,90.73256827662286,130.6079565710628
0,0,0,2,2,1.9192276823056686,6.364090928664234,57.82983994203607,50.0112752076627,66.35235939134523,7,0.3071456481042115,97.43226838449951,115.87448603661429
1,2,0,2,0,25.98132087450342,83.13735143857099,14.696270958820968,41.195809503410196,41.119748888254584,19,0.8596795850803329,176.7456280460152,112.43297220042125
0,1,2,0,0,76.0289823122135,59.89785081772106,81.11237699334708,87.05269662693841,40.24062592993117,14,0.9594721829554119,121.44835283103565,137.1736489586967
0,2,2,0,2,13.710970572899905,11.493299705956684,63.59547071637285,63.14189212183764,88.45868882296138,6,0.21771251297815153,150.46316768273718,112.73005606455895
0,2,1,1,0,53.531013145259166,9.38572848233562,38.81657061269955,53.25040664159818,89.55628481318388,10,0.08815215813664445,110.35595760837015,64.0557531649859
0,1,1,2,0,21.52018720172375,90.96268194365923,67.4130295536063,11.539464217891737,90.91752640535857,6,0.19453503316848408,94.70102857906332,113.26357942508787
2,2,1,2,2,1.2120774643893273,66.92002629380784,25.990497924283286,60.56378893234115,31.38780765150273,3,0.8205521392557188,143.8217090636992,66.69762135403968
0,0,0,2,2,24.12014575995415,82.92867993167555,34.51922084942105,11.720390568023342,69.10558127392618,11,0.6766446348198475,73.22863611182319,121.1086775588394
0,0,0,1,2,97.58737549100537,87.89789002822673,91.74858431319902,33.720657556575205,27.163318127436963,5,0.6360473423391266,105.94997533502945,104.36974253898792
0,2,1,0,2,80.15371118829896,57.17723520483222,29.05045056714204,14.284196481433186,19.060983307444978,13,0.4017931351094245,81.35555560788833,39.28938623817007
2,0,0,1,1,95.95766443210334,51.74463517550413,46.99882681579366,69.20736470243689,18.463245734736923,11,0.5778279715114357,154.3692450411118,91.54024349221704
0,2,1,0,2,48.785404392636245,43.042741032099016,89.01411373960147,20.62521138361526,34.2107620863594,10,0.3078741252743674,191.63132575191614,71.1961163034889
0,0,2,0,1,10.973619867750351,31.69465877911193,70.77213502675275,39.1859373188026,42.99576197798217,18,0.4772000794179613,199.32664520237995,69.42847592787531
2,0,1,1,1,54.79594889736929,43.459596085871176,6.220322616470275,89.56747776187787,83.09491710550684,4,0.7930630283706559,117.54152156623861,102.27075628527086
2,2,2,0,1,45.43773345599609,77.38796557301563,14.730304427897034,20.431638339897027,11.98910934727121,13,0.9812415974554621,87.87955844546667,68.67897893633099
2,0,0,0,0,84.4357082739616,60.19234310151316,0.7841590771916818,50.780506395877914,73.49258473948942,15,0.9324889235898018,116.42440555764863,123.22724978458471
0,2,1,2,1,9.808258078424458,89.2523289954846,63.09217902291634,41.9271661166022,53.14549141893053,12,0.9338659428462488,177.09041149440856,38.49497232134093
2,0,0,0,1,48.82411370217782,44.33800143791877,44.767342541041835,1.8124041045729733,28.794534267599246,19,0.4022237348471124,80.90085178280599,109.24659028749905
2,0,2,1,0,15.004866469398426,60.7089578718754,13.427485090227552,79.27581135728128,49.281958453282456,3,0.46878988050679093,192.81434774793857,127.10337643880895
0,1,2,1,0,32.467592689006,63.130755309198875,95.79341210567705,6.904590631459973,29.994206977702266,10,0.7056353963689815,101.27986531972266,110.7398027904516
2,1,2,0,0,73.73570773877996,59.16971623063255,52.96597239456199,47.42550209769536,59.608195523830595,16,0.9221919280512842,197.87054891754573,89.66750340239949
0,2,0,2,2,47.601812936876655,70.26337730855164,24.189329411288917,56.06782949389499,43.38439228552442,6,0.14199425935208465,175.79133313009433,144.03684164834175
1,1,0,2,0,37.58882851457693,23.74334683748063,50.06035711547076,62.842645661458704,16.440552907887874,13,0.30424186382719576,171.28558012210857,65.99261877576762
2,2,0,0,0,39.44762785700353,51.23637775457907,67.96203327351078,68.86316293078755,11.658307455569672,10,0.13924684459410952,97.68570106599253,32.300146502997336
1,1,0,0,1,45.94467684059866,10.422480280834767,7.623921797356448,25.327238352271507,54.66956820721302,8,0.6120085299594553,51.31658179218942,81.8387245756129
0,0,2,1,0,78.50165438370568,38.45113276448126,27.4703815047892,0.9978776658449373,90.24130332861034,12,0.30630099688753754,107.31993632389818,33.96143230803927
2,2,2,0,2,89.20846889402344,48.76670686212644,80.69654908839937,72.3443662354912,34.395768655768556,17,0.32610785251257346,95.27140544940406,144.47241030316906
0,2,1,2,0,95.53346865039283,65.22242595454725,45.966487040266124,53.56565993475786,73.30001072226231,10,0.07091595948797924,55.60954856131959,55.19016548976618
1,0,1,0,2,78.6903386255295,95.05310525862035,54.65771420322949,83.61177032072487,65.8661354939767,14,0.34979606180759193,125.80478847588945,124.67124287386554
0,2,0,1,0,31.540689574801274,60.06510665483559,43.28160022094693,82.13883629006943,93.1554914309481,18,0.8624965074015853,110.4546966924105,122.94864998092379
2,2,2,1,0,68.81347060865421,74.35939161765597,4.389994264300512,84.33261677878832,82.09810172991409,0,0.23307281189083495,145.1834701612287,56.12746796195202
2,1,2,1,0,43.760312405539196,50.626605949520275,16.574977982015593,48.50946599795402,56.660525890546296,3,0.6951874662100657,143.1779483291125,104.54718365762008
1,2,2,1,0,25.467062204605117,63.41040313763313,44.554163874189086,33.362839583686565,65.70304982341074,13,0.6296283449385927,68.11199538450202,35.769476218374024
0,0,1,1,2,84.08715794259226,7.093221613377343,20.918546540792782,79.155820259137,89.83864665840349,13,0.8634846083691153,196.5448319189934,88.02895028446409
2,1,1,0,2,3.8426348962324997,25.439158084184697,4.997902865967873,45.12941130292549,39.95187845869348,2,0.13228794765103824,78.03971441621704,31.757655272698408
1,1,2,0,1,90.17619921354235,36.185309320513866,84.36496640518237,18.34421964034345,32.679470585777736,16,0.9775899603450432,116.79110371470568,140.537265621701
2,0,2,0,2,46.147746462473414,47.249335500651355,98.11925291641158,85.49740195614743,1.081108363519634,2,0.5826286460403656,123.21763151506023,147.1303229039486
2,0,2,0,0,63.72014768082804,4.564874550238374,79.31428739967394,88.25598767723473,82.65510741914642,15,0.9954741523468144,171.95941958211802,56.67393199663023
0,1,1,1,1,65.93539222057827,14.002409755331769,85.3784921704667,46.63097561401701,80.0980700403365,13,0.9115147258658508,64.88443941419702,54.972724151564734
2,2,2,2,1,89.51177407065364,27.68143077913058,24.197713031704538,7.569972730978747,10.445451810015138,19,0.2215172721131058,114.29664188127977,120.44642118745556
0,1,2,0,1,63.66696821672073,97.15326909010507,96.06269755131997,38.782608991693124,57.68573811327003,12,0.056162009903313104,144.27532553543057,60.405527859520134
2,0,0,2,0,61.39335847600618,33.134700710305076,19.692570445342838,80.35376594626034,46.398169816688736,14,0.25563909379536154,82.27334324360834,137.4091870994214
1,1,0,0,2,6.665204056068996,48.20410581120825,95.14298103618323,90.17740285462287,11.870909550911147,13,0.5275636489994199,144.1201848149109,98.87149633475786
2,0,1,0,0,51.84080219452041,19.609771273839293,99.4819293965951,20.347274249759582,98.05682270607235,18,0.17159636706519,188.5497256324479,72.09331476123745
0,1,2,2,1,15.016900081704165,61.07800710757682,71.17228057460487,6.697361202527152,21.469588746335543,5,0.1674597445179885,199.62771967590123,129.9232495619304
0,2,2,1,0,73.74337687214856,28.068321551597432,98.1143731791822,87.73504531328386,6.723418009056115,9,0.4625935471051531,54.86766151860136,89.20880404960742
1,1,0,0,0,51.22219208126745,20.699257843842677,56.95397795671037,38.94049389788753,59.48473795019096,14,0.03326797116935842,85.33823423670162,139.39594964501708
2,1,1,0,2,68.02277792083532,51.65726284459791,25.954178317609035,54.176096426756324,73.88666771330327,19,0.12188808253227046,96.54606736875462,141.36170840752573
2,0,0,0,2,4.167290060238427,0.5505799160420821,43.699588566562085,96.80658120507589,3.2443446047186963,5,0.41586133940794756,109.86891506674492,49.85041825540912
1,0,0,2,1,8.479201604580322,0.7664032649225327,59.35609353787859,6.656472791422285,65.87176387270222,9,0.06312990920796646,86.33857363771511,30.278808735831632
2,0,0,1,0,71.63233880626822,21.906880910185777,7.308156202701499,64.83180074520956,53.22918759514545,6,0.39675505645552933,80.52319918329688,148.07171281708827
2,1,0,2,0,7.208433599867337,3.672136250082114,62.234326461724606,7.410542257486707,10.326500887504842,16,0.4740062659484451,193.183076362625,138.73650433529752
0,2,2,2,2,7.12567277652586,10.802575413069137,98.11778367622945,37.54689284665004,17.252387694636205,17,0.4512666140731144,187.77824041557767,36.65342828446097
2,0,2,1,0,1.210847523488745,33.88606493387516,19.010764978372762,80.38145451934467,56.79742973160805,16,0.8691748574030873,57.04887515046762,129.9641116729284
2,0,0,2,0,95.65013982994802,80.25856795798128,79.25951162883833,43.34722327556344,29.63576135132884,8,0.5300624550517324,100.82195324072723,84.9365919071048
1,1,1,1,0,73.75083594590069,57.204864336930086,90.78987937796194,99.71823539029504,93.8315728651316,9,0.46798046247804337,110.772283051761,61.07539260299703
1,0,1,0,2,35.32514085020642,51.26677259564164,94.37015928202209,55.905928494660216,81.87402294840508,9,0.4107092453916662,85.8521801998915,135.44958284123157
0,2,1,1,1,29.65355812876552,29.348882320812166,96.01356044054472,32.11621526359535,98.3567206513663,6,0.8176233783044862,144.3309345482263,53.60006788683687
2,2,1,0,1,34.97032297458495,93.17537194328163,52.14596387214719,22.011132590475313,25.967083895041398,15,0.8950566039998331,146.05711199663614,143.675999930408
2,0,0,2,0,77.46535311811819,39.70150412371917,97.73079079915037,35.05205342861618,96.9723632797977,17,0.8532424691971175,177.57563424928958,54.67457852392093
2,0,2,2,1,66.13706110704143,8.70927667957715,75.73102071344388,37.25332737595508,43.12338697915579,5,0.6735465781313908,161.13039025778266,103.64198252744923
0,1,1,0,2,18.519556786746794,61.70665161178013,16.16714362369619,6.8713677723960975,34.751879531375465,19,0.13736174596867423,131.38599904489334,56.770360143476985
0,2,0,2,2,17.410933533408436,11.38383934766014,47.690010646797,36.95741994267732,5.034952696935324,0,0.27686996949201226,148.038015506663,95.48023979623618
1,2,1,1,1,9.839564971339732,34.52231428016921,71.8331175372004,46.423851973922496,5.276525785960262,0,0.046063063681977434,91.09831723145271,112.07701558981695
0,0,1,0,1,66.03027197013381,50.74119387178089,24.734031581908333,72.27377522388046,69.20112559466547,11,0.9308240749901141,138.95842849510365,52.82735169841651
2,1,0,2,0,76.43726622217359,87.42225246851758,64.06151835488873,65.6729484721608,45.79289944340279,1,0.6607985296909104,123.38408821248788,92.5062939240815
2,2,2,0,1,26.5046428325004,49.35465803401187,66.66004790466192,70.87656552291543,22.65216260361057,3,0.7463628843132415,70.00167009745556,86.28716932681428
0,2,2,1,0,2.094496103091281,70.22587660316643,16.26997438085659,0.8363681876857099,61.39703063252326,16,0.31157173958222895,86.38164148744562,38.52449056840095
2,1,0,1,0,8.217166747642734,99.28168389990704,56.50853124527563,21.766739958053606,25.285811825011116,3,0.8456535222773424,93.7540176082379,128.19693812103634
2,1,2,2,2,96.78600348450304,13.148911989798162,77.16269109786077,66.16842883998565,57.76317543444226,10,0.2596032837084785,188.6464350578837,70.281888077141
0,2,0,1,2,29.544477747742025,27.47315255195195,49.88956645359419,48.398936817974715,35.92087469826903,3,0.0016437571124496841,84.55799590788342,98.94986370622554
0,2,0,0,2,76.92231478381336,39.45760755976464,1.2103116776107425,0.5313475668345946,82.3552226611819,0,0.37641496252069395,93.38658542295022,91.77410819197613
2,1,0,1,2,62.46635688542638,42.18281785388314,0.9038469079292177,80.44946424318223,82.06961607667793,6,0.5707614809590734,105.40311951341485,91.59126054845308
2,2,2,0,1,38.19396396528959,41.102107526554576,35.702934397001215,77.28095732903374,47.73503981224013,17,0.47870485796552253,149.56141079380805,42.866687305018495
2,0,0,0,2,20.56872621955551,90.76110025565549,92.6194068431782,54.841916299356264,35.08191093350156,8,0.862076142576597,67.73575887082107,80.81784110991993
1,0,1,1,1,12.138641815940643,71.40326444668564,22.867677960360876,6.646332577627212,36.25597965590946,2,0.10540528595616694,193.0917818740664,84.28401110478842
1,1,2,2,2,61.50129680388666,60.79052140907037,63.43636888716871,76.65150495325847,80.57145256682179,7,0.5538234406337256,179.83568301421468,118.03714084373382
1,1,2,1,1,77.4633780637788,30.93727178627821,22.207587069332057,58.37135877313639,32.8179482797612,18,0.5129793498209074,136.58241095134252,130.80225983048382
0,1,2,0,0,64.39042535411306,82.37903842212947,32.16699896595486,78.19599771579591,20.9059373706846,3,0.281392982172163,151.10568011374352,95.39787337200215
1,0,2,0,1,53.030213324915835,95.5060511484989,84.8042089601484,75.17469923958404,8.468834187530682,17,0.8222281125770106,52.4990706866324,40.41395448779886
0,2,1,1,1,4.195122343163627,82.11982825502265,72.88614422699469,80.30020719578371,46.66931208844084,19,0.7528486558822063,100.8417163022673,58.42193647158555
0,0,2,2,2,96.84887775943838,0.15651051914729042,9.539927731321063,51.80080664046248,48.213209891984185,10,0.732859187331831,169.34903459921628,49.792083222327726
1,2,2,2,1,79.87141916545745,63.6401370183407,42.87020209864336,14.032451819351499,84.09087104029072,13,0.876192478269556,61.62244606885788,44.95380758269497
1,0,0,0,0,29.282203670096475,5.1135381442100725,2.916976364526447,67.11574733796887,22.123869644606398,17,0.7227846006215212,92.34707513160802,73.9079158341369
1,2,2,0,0,97.99703293588506,25.760722033372186,48.0890146603009,62.04737850519706,38.099127366839994,15,0.23184129171472645,137.7945242501467,57.527220258525844
2,0,1,2,2,60.18815896363221,5.952470034777169,66.24340117010681,74.22531871990871,80.8405738893691,2,0.7055627116496911,88.46195415484127,56.19637341738148
1,1,1,1,0,58.24226582072465,60.37954529493877,11.850262359815156,16.98810060507353,82.36236107489735,14,0.30770281338984384,190.0966961216779,36.56318094915212
2,0,1,0,1,74.8073179429532,68.65899134926067,28.888493890916568,19.497519990028923,38.46110759787682,3,0.24217465034747054,69.65879462064356,32.120405375452066
0,2,1,0,0,81.17697880901376,11.448763806590511,39.783662550215695,89.04095172193284,45.91240232866809,4,0.07300359289962732,169.6091536861668,42.33218911797381
2,0,2,2,2,65.64786073315027,38.38388830449795,91.95310246560497,74.99777984520708,30.328589084928293,16,0.7440285803476767,126.19230378596123,50.66369753083597
1,0,2,1,1,12.809574636620003,45.6236508955542,99.32550154229641,90.82284887003229,93.2554878419312,6,0.7110009619498112,162.5496163729934,81.71804746178438
0,0,1,2,2,33.82675059944984,36.90530217609166,4.491129899561585,75.87153211639207,11.864376574158031,15,0.23449947767409374,96.60729924671712,91.26243135586137
0,1,1,1,1,92.80836403260497,12.102500048519305,76.1007923495392,59.71553059903019,93.374942300147,13,0.749379016724156,127.17344034680582,46.87103018080387
0,0,2,1,0,22.461561184385193,41.89477901874754,37.17240664023432,65.41327370278736,68.38664518353433,15,0.917840883093553,178.52530245847646,80.97400098290235
2,1,1,1,2,37.21670238375133,75.11780478084181,39.245818622948,88.91279239400099,53.15721526867312,6,0.10802895749157926,120.03171486846566,71.00986107911127
1,1,0,0,2,43.2076882944196,7.100766453325546,75.42649733470228,57.88067545119405,3.2659060784495875,8,0.23263663838677495,103.95797928654045,52.01083721975472
0,0,1,2,1,43.940498969445215,8.018001408190345,91.84264321454087,63.239132432838744,47.55961918220083,3,0.7502607940873155,130.4233079379104,30.820889777803625
0,0,1,2,2,61.29395824945255,35.47712918359842,95.09285945025483,15.647671600360058,40.774810500273226,10,0.27450667350707825,157.60441295545502,86.042143982609
0,0,0,1,1,94.30758377447076,94.1725711618925,57.712258603832076,47.39212201161027,16.121881197512256,1,0.6246639742837168,116.5345018247754,112.27820991182392
2,2,0,0,1,24.069271183250496,66.85726467229141,35.71211593005028,71.6397111958099,65.6409603500657,11,0.08116422446371452,190.83154627134095,57.15328009725684
2,0,2,0,1,12.150137630091805,67.86699566725648,78.75490858587793,27.09426983163654,97.11509073682858,11,0.4522024791035387,94.2418736063513,45.81681958760152
1,1,2,2,1,19.747048985993732,36.1919990837865,25.100138326230027,20.22541805245349,56.218881106452514,3,0.7390914219929531,121.31954092536806,136.4451293336354
2,0,0,0,0,88.69249002092695,59.36607912085384,56.40740288335178,31.382680822441557,71.47532764439458,17,0.6865139430432525,163.5391489012162,63.002972698535736
0,2,0,0,1,64.5810812655206,1.0131184027743378,35.85784615248732,24.150062799283344,6.845045256601678,6,0.8150721006758068,153.36816357436373,56.833514375119776
1,0,2,1,2,28.590678923916013,63.60960464095422,65.66310737078761,21.491263703639586,41.76669958169947,0,0.8774521266031688,179.54615786257344,132.8516327531899
0,2,1,0,0,81.59469389686173,91.32869475762368,24.03989128935069,42.48508428680869,11.635848516449588,12,0.7731835012587582,199.52137710216633,128.05285190001135
0,2,0,1,2,86.1369996363436,61.25734683448192,19.159294573482576,90.78385138835341,61.27958355365104,5,0.671587742938926,114.02874931926344,83.80157646295604
2,0,2,2,0,84.6514338690278,87.3698593466345,91.8239086675437,50.705964673871826,93.84821582141547,5,0.03172249181603115,66.67263196749678,88.70866337133293
1,1,1,0,1,91.89265336395545,72.39730554660937,10.18036829495369,18.792038081532304,66.17777324716386,11,0.534966673409444,54.5623821211952,56.12984458008263
2,2,0,2,0,25.224102017336158,12.055841640369025,50.595790773493164,7.697166938087408,7.680304831442153,7,0.03769772491485279,159.03153592096572,39.3962004575469
2,0,1,2,0,75.50419287462783,90.24533072858418,22.085278296300892,69.61561451379252,35.466620498508284,18,0.8080678171160226,181.10205069630734,98.81181904267933
1,0,2,0,2,46.053949727414,6.644384435577488,3.892996332566745,38.279876443638784,55.066337944085156,4,0.3207245244599576,83.10688789166281,41.80139059082558
0,1,0,0,2,84.19985528900615,53.39674725477638,3.601881829142639,82.18309465853592,40.320775613325225,17,0.5624293741179209,73.7672055784859,83.91294563479798
0,2,1,2,1,72.84906771616131,14.213712379345766,17.522177210582733,65.95107686407702,83.36440104751723,4,0.2794453073189026,59.33076372885365,142.8596638215613
1,2,0,0,0,77.64474464997247,1.1706610730904066,86.67703545060003,79.62414505413685,81.46710047099891,9,0.7825001443802936,173.40543825758095,144.34012670047014
0,0,1,1,0,65.61618376810715,42.2034260127639,28.247874397702667,27.194603941844875,61.183102010322145,0,0.8865025266419025,96.70729098388765,58.719874385683035
1,0,2,1,0,17.742876946970686,29.504070765415623,95.04591705752958,69.2358922461058,37.345794513270526,9,0.39864249421306397,110.25453391396647,104.89361040547853
1,1,2,0,1,54.502691889693835,48.6000493797603,58.16222929891936,26.406198469371876,25.533637376324414,4,0.862922393510989,125.41252874144185,86.88915169294292
2,1,0,2,1,98.46697395245081,57.71998867345508,43.66141897687661,93.90684794502916,10.587431821312931,11,0.2670750074563324,175.9179851314326,135.0822153103327
1,2,1,0,1,93.73880664971189,4.373907230894735,58.00888346694546,63.63742815333744,35.4897683486554,6,0.5346609230755238,147.62498323422273,62.57170371312639
2,2,0,0,1,4.317373579701167,12.300329512374564,51.669838522626776,32.451180017534206,41.31725172077195,8,0.858761429838704,142.2596944786717,30.444288819890023
0,0,0,2,1,16.481481572943714,55.86423964504254,75.87762537573252,26.951186229227265,67.58229251040736,11,0.3258813426157904,76.3508149933866,49.50734471176981
0,2,1,2,2,13.172877345456191,34.316735317265824,28.249606597285226,19.09265850716435,65.81598242975734,0,0.9540422650780858,126.97848375647446,71.94273614032777
0,1,1,1,0,72.59799099852955,72.9173487549448,35.30503916003024,69.46409588937279,7.0108139641256955,10,0.12187950178138363,157.30715257679827,67.88653557245863
0,1,1,2,0,81.77853298569451,65.22916485919397,89.40943025332507,21.87156129979273,39.525931543115775,14,0.018275069723506232,195.98913245457376,124.96355029474631
2,0,2,1,0,21.35113663106719,84.56043629899068,94.64565131504055,59.53032659274891,18.177886721736193,1,0.9041353525781907,80.21094638200283,111.66727993666053
0,1,0,2,0,50.5852692951829,69.24928266692253,89.25582274864745,26.463502692535734,15.68127053168057,19,0.06864866614787224,51.431502960083996,65.94675835378767
1,1,0,0,0,84.07030280112,42.99310773901481,41.94479939573136,66.19689447938686,82.73021497372459,6,0.9918891959474917,61.29521503977046,84.9292580599456
1,1,2,1,0,73.28015447662506,67.29666223944324,78.03655030068816,81.49397285405392,4.191521671625753,11,0.9513968619791061,106.3778697772969,41.46709247500023
1,1,1,1,0,54.223720549184826,27.538117425541852,47.63357333010988,77.80252431446532,41.91828759021213,17,0.13702091003632066,173.08169716189806,137.7775733784121
2,0,2,1,0,59.03476904587729,30.63134987782127,49.75398521461022,76.08513309307817,16.82036557665182,2,0.5375846256925658,51.071312265236756,142.25097893382411
0,0,2,0,2,50.83605469162799,78.89851599207933,20.468010905728395,18.772240569225207,87.9330215678474,6,0.18492029746714433,118.50958893287604,147.5764242457126
0,2,2,0,0,29.754845131882057,44.64195164015822,59.113030325851646,8.838494698451871,55.704051327503514,10,0.42815517303011985,99.38459230120918,134.22633969430052
0,1,0,0,2,56.50219928590161,79.83803405183525,18.613589775334795,69.89488284873856,23.1380636376848,17,0.06142512925983268,57.87225651495913,50.87530652354707
2,2,2,0,1,68.88853020500906,82.24223736682784,33.15646990671938,36.83472137943513,50.24272871663764,11,0.22392458779658952,117.5354430008926,35.54357798419546
1,0,0,0,0,87.33229158608077,85.75623376612837,85.50302016199352,43.23462264033473,73.14863597031159,5,0.36327279639889953,88.21230610050782,99.55160728952087
1,0,0,1,1,63.629135397924806,91.66352358412072,20.707580921085523,3.1149092793391064,95.81180089194338,4,0.4386475002460548,102.78272515205097,139.51260322597324
0,0,0,0,1,76.1121537043158,43.098522051329624,7.115828517343282,25.95764492750492,22.044600424541894,0,0.9774962582088932,155.84229571764394,51.28216339916914
1,0,1,1,1,16.0071634954573,31.886681832113883,6.90075926128163,3.3676403874464023,88.61817721293451,11,0.8078656456839812,128.23264758664507,30.845149754897022
1,0,0,0,2,46.15574744197899,58.21987465941139,94.07845205031079,87.91857726012476,93.43041141674902,10,0.7374099443119462,68.697114348922,126.65952552386932
2,0,0,2,1,0.9331619827093296,37.117242343762754,50.69204379618346,24.339668321853047,91.64205445320663,3,0.5370413147419743,194.21218106354587,39.215482114408076
2,0,1,1,1,24.667886452162303,60.1074166800233,40.941207181701834,55.73371695730081,63.54143568619099,17,0.8399977606043434,145.38661485646077,79.64472382920366
2,1,0,2,1,72.64617151130048,70.55858626438246,81.08785810079185,3.897932066113041,62.982065443470766,3,0.3393228356557111,164.88026384937973,111.4664804626542
2,2,2,1,0,99.18099513493634,68.84050184921368,83.5825927910516,66.6847391305658,40.32106331838228,16,0.7088991127733161,61.88197250125562,58.41571025474161
0,0,2,2,0,9.917809958721591,37.45528870201213,33.21910331156046,32.30273457540939,75.23978823037879,1,0.9937839753781721,57.05875691900283,40.0755076136072
2,1,0,0,2,40.14943158612883,16.68602016987528,69.36180574737952,89.79191869576658,53.12940183509319,1,0.3146289089351988,52.91720755521217,122.40254741469944
1,1,1,0,2,80.00709686991596,43.05293384622075,77.11228158518865,88.81181889340358,67.74380712282945,11,0.6740175348839673,78.31910416601667,105.62101018644498
0,2,2,0,0,20.403563462889885,14.259414408190874,65.46506868659546,32.529061836174776,42.84579038487954,5,0.8443148641523824,112.16125965777428,148.61885813841656
1,0,1,1,2,55.50849493022862,89.00970351838083,15.159507480009937,90.09608956904678,73.14964640431391,9,0.9158075833506722,190.37392001042343,71.31696399839512
1,2,1,2,0,73.30712960296748,34.58774607378574,87.5883083517057,99.61576734987788,82.4471517604549,15,0.7179326909401018,118.55894888986644,37.411486354823964
1,0,2,0,1,61.5985450260179,15.445974722332378,53.90945527360087,82.5415664123948,14.64362566028161,13,0.28360792341713625,93.5382658058794,118.12200424023548
2,1,1,2,1,18.802473461541613,2.5447759905750877,28.24724263700037,84.4871347755229,83.2929715574228,6,0.32628215156894647,134.2902880279495,92.60801026238948
2,1,2,2,2,35.538456868573945,64.58223862864843,42.52281854376939,24.90087361090899,54.029653179030724,18,0.02075803212396421,66.79018672021839,55.58447176669621
0,1,1,0,0,78.37917844853972,63.69023174547432,3.757109039890738,57.67023988577563,84.46659090902243,16,0.7608859776715097,141.4258836507475,123.80747868057112
0,1,2,0,0,55.42265141320166,34.060416658129164,12.786680122241755,6.725591396736785,43.13017063410146,8,0.042739606061951374,135.2647931495755,54.45065830199325
2,2,0,2,2,0.5229613542912737,7.171188884765101,76.55467505158609,9.491793682166971,37.904048538303506,12,0.8646523546027457,168.79895501085645,61.279398579952385
1,0,2,0,0,76.09907600280938,40.9628894895232,0.0011634755366141114,99.88926120332906,91.50607325172224,4,0.1186606144745388,198.00314174255362,41.103426524006295
0,0,2,0,1,3.531135494023907,31.12174950633936,41.65658284822922,32.663924942591095,25.11692675484013,4,0.17187651213592425,87.63102075741658,77.93187348370253
2,2,2,0,2,74.57337827312321,67.71206397350093,52.251018108558846,74.81839120488463,84.42123252861431,9,0.4765264708322373,126.4484676205641,80.27150687249028
2,0,2,1,2,20.24805601652374,60.57792494526903,5.4634420000972295,80.66650530268164,48.40205725094041,9,0.7378804151687424,186.32981094785055,91.7474148417958
2,1,1,2,0,95.80734801193802,36.459372819754,97.30781629723329,85.80232710072292,51.40954425512597,6,0.1390022051990777,167.7784826634262,115.0757120548533
1,0,0,2,2,36.79407513020845,21.78925542549901,22.612533124967193,99.76282974021565,30.8468281489484,14,0.44007107506649845,123.11094546512113,138.7321114416511
2,1,2,1,0,32.69316163380791,98.80359661555919,30.419871963628086,24.149648525686786,57.30422006190157,6,0.4828512744101048,191.80574744221667,46.52809186653704
2,2,1,2,0,14.888805033244468,45.40016211961149,30.39425122550273,4.035082685969971,32.52111962762113,14,0.21228564166859132,58.58550402752141,36.521771801838845
2,0,0,0,0,30.560421549021488,68.82742357802371,23.04166621173499,41.1191517994586,3.926941424165231,2,0.11555837668063174,189.6497929568876,32.22374803131999
2,2,0,2,0,87.66507618282006,14.055296757836079,0.1473822086311416,13.008066982894695,27.199860534435604,18,0.8364209229856395,57.576108857420984,47.23456536825795
0,0,0,0,0,99.63343376272474,48.55896996593978,72.93447940879963,2.2425889162055124,0.6379043406590679,9,0.5024656497627655,132.09571161720265,108.95393829379512
0,1,0,1,2,36.83095305068483,2.7536719869465487,96.68454997992853,36.04268271414861,97.83547870568566,14,0.014381235984152974,183.56614220016286,117.2972493595796
2,2,2,0,1,44.861063095454256,50.545511791044994,22.429348328504506,78.37382510752364,96.57472098197475,2,0.8029813013091038,89.40814153419542,124.38068562337466
1,0,2,2,1,72.2070938202737,96.40174071177023,66.30471918034225,56.61806912250709,39.5155297472305,5,0.9807938054145848,120.83727484177378,59.24498542852112
0,1,1,2,2,88.61957804650746,38.420671298580025,74.18963269587151,31.277798921035405,72.8370854339646,11,0.6059261954142473,98.64933187054498,66.7073775913824
2,2,1,2,2,59.304433418678414,3.8996012574911587,84.84253790905247,65.43420054927196,34.580609841042495,14,0.5037083870840707,192.8215875614527,87.97615746785993
0,2,1,1,1,39.15256981778293,3.095579091934353,42.262919701360914,23.20181803088107,67.1093157085976,5,0.8784158630449617,173.54683921296362,37.581971623227176
0,0,0,1,1,41.262184084862376,38.798675994686946,30.293090564042924,1.4381446072085025,80.54300430459791,12,0.9525167896845986,156.35022669895693,103.33698278534953
1,0,0,2,1,69.56181464968068,16.002493646319405,32.52951340230311,76.43533864364274,94.67562446922408,18,0.7545369159024605,138.1440479922663,148.0482040410909
2,0,2,0,1,0.32182636042786816,2.335209632818591,71.26213330985128,62.374308486400906,40.0212275849672,2,0.44545292973428785,173.08876839862222,73.2967573653603
2,1,0,1,1,61.95893374598407,75.62136139501769,81.6779466505636,76.23026245009599,78.32979829560477,7,0.5922213993314405,108.84005622853206,120.34169701096607
1,0,0,2,0,35.54930104413574,45.85230088818907,18.161396775660265,3.893801668766561,26.59284506321188,7,0.7009353650179992,117.13277826590928,90.00406986835296
1,2,0,2,2,79.41973312770843,28.924477197265453,37.09410081577652,83.71196278306522,99.03323037936484,19,0.19427357100180143,159.50025816212923,45.33742132324593
2,2,1,1,0,9.299063982313216,90.00831830164807,90.19401967491501,61.95262000363033,2.5769598764351143,14,0.44720103221643803,103.66321449405714,99.86849385631035
2,0,1,1,1,58.82022669483905,11.613896020052561,80.66935196947392,56.33953507126401,60.3528806501121,3,0.829821264717285,59.58514130725607,65.9849122132878
1,0,2,1,1,48.09728898861238,95.59188289553192,98.48584027624759,62.46140481145316,65.95059816513272,18,0.654725348498443,61.15019133291072,34.12838501441499
0,2,0,0,1,64.23255259052274,31.396671737735282,75.42482596820807,86.4433246868364,68.80455570741289,2,0.4112040672118541,67.30442019585558,106.19156761412926
0,1,0,0,0,6.485359448296835,88.84036723086813,39.319520102792225,58.69365065589071,12.038757878908902,12,0.6633625340146814,180.45219850154942,133.0718819189673
1,0,2,2,0,57.99837874281313,60.294287647946156,59.06378339946377,58.095037988817936,93.85297834731304,7,0.11822241207245987,120.83396386343065,71.3723720279849
0,0,0,1,1,56.14845879595237,82.67073597414874,66.10142542473203,99.06791570657658,18.11832790500828,15,0.4014976105648763,156.93235540171048,76.83546566553247
1,2,0,0,0,56.06600944161709,98.40131632104642,7.845581631712395,75.6730167068568,62.27534032398411,12,0.7931285379630564,108.936400340734,136.92260195606536
0,0,1,1,0,60.34876665964548,28.840543781874572,54.44969591038651,44.22938054511353,22.267607912308495,2,0.220508787136648,88.80664211234517,127.63305760408271
0,1,2,2,1,67.64679372263622,96.1135485407593,70.93208284726096,70.73970000329277,30.72164170212709,15,0.1859615075574177,102.0788251343318,115.79433882621326
2,2,2,0,0,80.49889996807697,38.94818949024204,16.732130400106037,38.92304716917885,54.645854172812435,8,0.9508186599164314,169.12735179757755,59.85564765037775
2,0,2,0,2,26.982072012821433,38.55119047369223,78.06317174255571,22.8875462483499,41.719341856457646,13,0.2098976295862307,143.78241875471574,139.22599859599734
0,2,2,0,2,82.5049410180062,34.03871042545057,58.37727805141116,59.68518768877594,16.02256009765063,12,0.26091857965016807,190.6459669936853,48.52989090470556
0,0,1,2,2,49.82556822634536,54.14076073475852,95.22217856975946,92.81820981139515,17.093640242084827,6,0.969615938904338,151.9557167865251,105.21246233006661
2,0,1,1,2,7.705827913433117,15.41450431784871,4.24222982068917,92.91395200154628,41.814478816279966,14,0.7347085702650257,135.5272447632041,33.456141665582244
2,0,0,0,1,5.85509292439792,55.37114853580112,26.5326137555467,34.19052781054903,75.72829782755008,6,0.6995965330235282,141.52940134787517,107.2463767589935
2,1,0,2,1,33.42383186960608,54.1704812410004,60.15538792998241,52.7677466221695,89.79646468477885,5,0.8529263838545813,191.35571592026218,63.25732222480318
1,1,0,1,1,78.48969771114676,76.190181260487,29.65599122059307,21.16358985698612,8.412766225938284,1,0.11582308223679427,168.2301394800059,83.96123726204641
0,2,0,2,2,70.76809347409157,83.36499619375856,71.44241640712423,99.56311094988834,39.310390755940105,8,0.7059562365800072,53.606185604965674,71.43174624684637
2,0,1,1,2,78.86149646724064,44.044135031242405,75.9005282521931,98.11179078679358,10.024556372287662,16,0.5036886093282389,130.12095442035456,50.730810749545185
0,0,2,2,0,51.72690564416094,30.233324935149376,10.251596406647446,64.95089297074473,1.6592480632597884,4,0.8291506402841399,153.2507617319847,104.6376948112649
1,1,1,1,0,44.01989979554906,25.933489731709447,51.38544642067677,80.44140596774734,66.17186826439566,11,0.5081417186651943,162.30477176587326,135.8370666168729
1,0,0,0,2,14.745252670628394,19.462383670487192,50.889055559105586,71.51001612837,60.24494419665878,0,0.6202413542689121,81.9713178970905,145.0901090738884
2,1,1,1,2,32.81927536093116,5.764758219902488,36.92807702155411,59.31582190394682,16.301911381488623,9,0.47774212639953595,180.07660316770284,53.08156357846981
1,0,2,2,2,43.40193661738753,34.244797883471335,93.29248625696721,5.3347996988897695,23.38128330930641,10,0.4781589235558441,193.37647207627455,116.08473288755681
0,2,2,2,2,8.860042967961723,27.024769213078326,82.75063198732212,45.476434255266106,2.370775364451838,15,0.7679699780618315,85.50729587673047,109.72072399268187
2,0,1,1,0,22.061195271121125,96.64173858664074,69.72093819096368,67.47863021674105,83.49472056944037,13,0.6285664006472832,182.39231862758686,71.2053347489487
0,0,1,0,2,59.82252940637388,55.77088262500439,71.43266357349975,67.75316138836847,97.46905960485515,7,0.6332632016094104,64.54681437741431,32.2919039224471
0,1,1,0,0,73.56631142391899,34.72770390305075,46.17161438131191,37.31226184223836,13.545953679469081,16,0.4502824838315258,58.35602541728678,112.77494967754393
1,0,0,1,2,99.83475113929497,58.0467600993696,92.09945210965759,94.16919866580305,23.147521376529813,17,0.5311094963375276,69.3835700154124,143.45938326714003
1,0,1,1,2,93.31133313435576,13.91967013456955,69.45954272532853,16.7357032236781,86.8409523946934,11,0.7457176662047873,58.6611619200554,105.85441462987816
1,1,1,2,2,64.25651995351916,44.40437492022029,72.89810616558164,50.03594462155606,92.64637979561849,16,0.8259409191119182,176.75183557336638,82.2351269025161
1,2,1,0,0,42.1248053294072,62.62343214210638,86.16909037873452,69.08839765508228,41.96273828068103,13,0.6965614021440462,58.857521668740794,93.0184672933954
1,2,2,1,0,63.617736470823274,48.889783179245136,27.4071589342191,69.71358058918092,5.062247226907413,15,0.9240729888456831,90.74962870454831,53.955456919190105
2,1,2,0,1,78.56516180802319,40.177880065432426,80.7070903866703,64.86389567688155,3.93918336928194,13,0.8203240881472009,65.56345153037846,120.06529965044851
0,1,0,1,2,11.833619092338733,99.38483888996981,19.524060295649203,27.528821345186017,57.39498660690104,8,0.5618637898095185,94.31330544706475,119.57037960118188
0,1,0,1,1,40.99048896962883,88.0314762148927,34.53419522448878,15.620656868662197,39.2895108893179,3,0.6714060726437369,63.583920140138076,47.46207604649099
0,1,2,0,1,83.98022856356172,62.34059581594401,33.56104542698427,63.594032682671084,2.8652427577654516,10,0.926308276921196,150.2004876114521,135.35740589995908
0,1,2,1,0,38.3832951933044,56.93773611822828,97.85254683891405,59.930211613943776,58.32523923125568,5,0.6191680442430584,69.99902245138628,62.30276873679663
1,2,2,1,0,57.18722712271865,62.06604798245841,85.65372237479268,17.935601028924097,1.1302536589022472,14,0.8248069479798307,177.77688887583318,147.8707273123938
0,2,1,2,1,58.77693608621982,20.131210782243325,70.11698615902597,70.51391455705634,78.73719581492729,4,0.6888105035899871,172.57865760899614,75.94836168446949
2,1,1,1,2,18.447625313363936,39.51377432643186,72.70567616153902,45.51719917336564,30.643282270337156,10,0.5519363610604665,52.04925282059141,51.34608704813996
2,0,2,1,0,36.22354416522884,3.945953289089932,56.20727944025711,66.7760591603153,4.02580030092321,17,0.24183819541535312,184.3589533272672,72.20641336147827
0,1,1,1,2,33.451128874193216,47.554603748682666,94.70906671085191,83.73670797701507,58.835222098315334,12,0.4259975194684281,54.34164751150506,82.82163944366317
0,0,1,2,2,2.6196708532064794,54.302458395766315,49.62587528823615,16.972842857692317,39.76844144330547,10,0.9677428248337157,85.94686774363349,38.31693276459538
2,1,0,0,1,2.4191763891355245,22.77497361032096,38.05177098698945,1.9144867996836679,97.38004133571495,13,0.6577653832726,54.85837066639926,99.38620574679474
2,1,2,2,1,83.16970436757735,96.40288471655137,16.3035336931591,77.91025863957867,54.41986625037022,17,0.5643953803389896,100.3765230558974,101.71589278426805
1,2,2,2,1,27.30708099728124,90.9454610937242,78.6205652261058,60.96974251526159,27.52391810370083,18,0.9329566255282273,127.07997885699075,118.67165464193667
2,0,1,0,1,51.80787662388154,72.21432354559059,73.44439320755914,69.96395696221217,70.94388646339748,14,0.5865117810374487,169.49673035227073,33.5003870748892
1,0,2,2,0,29.872557358877305,53.33866287653626,38.43550385241349,83.81549749886426,27.149200254271133,8,0.526082518417403,100.69723257047542,94.94858573205961
1,2,0,0,0,94.06792451153404,86.99691596476849,2.519341395922936,80.28109348245005,90.42432914075651,7,0.7593108551502052,155.8235037009675,36.34889199247973
1,2,0,2,1,25.929675886577375,13.065234382346292,83.89973277180107,96.09201469288247,37.47219705073764,19,0.7126656189865445,78.12566856784704,114.13730639599841
1,2,0,0,0,42.96568127389351,79.0509794274885,1.1417983454073632,53.59350788521182,54.98685627762052,0,0.19316000840843273,162.58976851161896,36.68735828411813
1,2,2,1,1,87.27302504846018,12.48208139668483,70.3699779629051,48.84956326599054,5.0573103824228856,3,0.47130827457412117,85.39949088638564,139.40734180099594
0,0,2,2,2,84.19335667918087,79.42106625494054,97.02571097260571,40.18871998907301,42.61212379522308,13,0.47251544281958524,71.53171339156519,114.2499080261396
2,0,2,2,2,18.610141784627732,27.576756825135696,43.766132814820345,15.369104284420454,83.2363539660995,1,0.37822451524334477,77.81132755610815,90.88677181021885
1,1,2,2,2,80.26433097957104,87.7090581018189,23.497340499595275,57.26072328820224,80.56488053633419,15,0.5172934821522531,77.30946933227831,82.98047079374099
2,1,2,2,1,45.81868867378927,94.40420938253979,70.48710100433817,27.70125243259788,22.431855885352626,2,0.4131073977271442,126.92943190654867,45.680715649591484
2,2,0,1,2,48.29688720853552,14.879596940511563,81.71281420155852,92.13075122129754,22.60790710105627,7,0.19934548947118313,176.71963717822192,64.91992674775958
1,2,1,2,0,13.347997241594378,46.267560506539354,54.64303160778473,58.31908042770976,81.73053122132367,5,0.41236648727468106,61.94076154887584,134.27509260250756
0,2,0,1,2,8.060151375712465,98.09873781626851,96.70352752561462,59.284018050811014,93.03984201693255,15,0.0722769475731766,156.0434477740134,138.53433738749925
1,1,2,1,2,72.79393069737652,48.34074359731466,5.166872165796111,35.492466087701004,9.536092127300355,15,0.5757858627744116,148.15196894792865,30.089725004463727
0,1,0,1,2,49.646115235529976,86.35475225145451,50.479559830452814,5.198935197770749,45.005863942622526,6,0.8536545489411119,180.87799277440436,101.29636697730615
2,1,2,1,0,43.68507026151796,58.87315221313199,71.845394732255,3.174376537298862,33.745427896422896,12,0.7252870843545552,86.62213407603608,116.31607308301363
0,1,2,0,1,72.95082286523967,37.53299079196019,86.2640471149179,42.33351441531975,87.06884554574394,12,0.36039404005411124,117.51647880275445,104.24963789491275
0,1,0,0,0,76.55128989911097,28.57835555258702,17.925561190779003,8.456537809723786,8.352491468001876,4,0.08707120557730819,188.8741061665276,39.80157178396247
0,1,2,2,1,15.890816766935355,20.322309108608728,80.00034817636814,60.68469555401391,21.112594255803742,19,0.20214939922527075,148.99901752029757,56.126987855868265
2,1,1,0,1,61.02251494776413,76.17981913776973,55.27070757185453,88.09730056396575,75.24683375864943,17,0.5454903404948357,108.31526192923954,60.040832085766326
2,2,2,0,2,13.535408227768553,38.65405068230279,39.65536819899632,88.29148165187222,5.129384898121558,14,0.20705708338303286,69.71185742829027,129.80695575661076
0,2,1,2,1,75.13750860290457,51.12754622007512,13.171502857909356,65.90454101322324,49.25353807142893,17,0.5439731112849675,89.37275118508865,85.58393235707045
0,2,1,2,0,65.69551562671396,49.23254800011819,86.52957589089124,21.1231831472931,44.210703467972,1,0.23159902476389893,137.1823216234075,88.41938543294842
1,2,2,2,0,95.6614621083458,57.727902923313124,15.727320817971535,86.29968313588721,33.44011789887487,9,0.8489238694760728,157.72519213407708,142.18716558654103
0,1,0,0,1,6.895801635642118,86.55771456245522,30.978785920909925,88.60934353132082,39.457231531892376,12,0.3972714728404597,68.66328302778402,106.45030666256586
1,0,1,0,2,5.705472115125431,98.07393435834294,29.004553196243688,19.66535849529587,52.99405869302329,17,0.24555062594449106,139.93958900660812,137.84012418631966
0,1,0,2,2,28.218707469320016,40.758420857381694,87.14140341908544,73.74260857706773,16.136735838838312,14,0.8123261802470616,132.55269182581264,84.78106264098395
1,0,1,1,0,26.170568373590598,82.7518922106303,67.2702994208898,28.651954892712293,57.19958782835928,11,0.34283896480545073,127.0933170036062,47.932351022195306
2,2,2,2,2,24.697879907199983,76.45277946547176,79.66813971913723,80.26403123529296,80.54323292999864,14,0.11148768783878193,153.51846765230118,141.5922712888903
0,1,2,1,1,90.62545805210367,57.352895145557326,25.046789879249896,99.72378999036027,76.01609297901591,12,0.5704094914036416,175.61743926251927,85.04461388010459
0,2,1,1,1,24.95461998495061,95.60471436119332,62.48740996069989,3.0026005329392813,15.389990469377368,17,0.5815642044379887,98.44845247653026,51.79577062545862
0,1,2,2,0,27.1949726128631,20.04745155284028,57.17459831437487,89.73658657909318,14.92494697414739,14,0.7146956752357342,183.3518285166439,66.28748883647067
0,2,1,2,1,75.93982624179637,10.92642103096214,83.28303767882711,62.26305335986581,26.817436774491334,10,0.24021943320838557,74.0950418927826,36.09631076267307
1,0,2,2,0,44.973984245054,85.39619669554222,90.60870604812605,97.33826191648211,36.10747263410372,18,0.4437713390922451,75.95358046267465,86.19607097476622
0,0,0,0,1,77.67105569551812,43.91498166337483,1.2156771477386807,46.50095175264276,40.84555814084826,2,0.28236791904265623,90.01580954358859,132.3753806292284
2,0,2,1,0,6.536615756438524,84.69688542070605,67.40199190587927,84.73879305713737,67.96972168333453,6,0.08095373611568812,67.92963043206167,142.02965472080274
2,1,0,0,2,48.75711936733843,89.30902051954149,5.1835799119729025,6.239406859827723,5.66804321658354,13,0.8766138270158916,84.54788370243163,141.91226490043726
0,0,2,0,1,3.3613600183282633,6.245759361907144,54.88586650773559,33.527905007829574,3.4672704226066386,13,0.7288698044883412,65.96176443542669,45.027603075449605
2,1,0,2,1,6.265320345535452,88.34647629860606,28.76327290436782,6.701653775120997,39.191056294390904,12,0.3014630594588007,173.26286254780854,75.84646590132684
0,0,2,0,0,90.64374533444109,44.831905536942216,30.67765995221412,97.53431334790706,69.71636921379805,11,0.5993729928719863,70.84534878299368,33.387451158084765
0,0,0,2,0,13.924537111759516,51.04324890042322,35.29585034523566,81.69739072718367,19.343534295648258,8,0.20126378813447243,162.0946336339785,132.61984139657673
2,1,1,1,1,53.24206822752171,62.659251109321026,62.12924490496101,85.25474212459704,64.15044812562518,0,0.8902366217957709,57.18708018700006,73.05069144255285
0,1,1,2,0,41.10956026007065,92.63826067300867,33.40499656687692,93.79652314338942,25.982813794029948,18,0.1149063433619103,192.27804912708726,105.73404334706818
2,0,0,0,1,34.73433262588427,1.911609442976403,73.26990505902803,8.510348611978536,88.60861088135164,10,0.0038371455078008987,156.6740131291649,115.78781256927464
1,1,2,0,2,89.98333456872724,47.68434683178171,40.45273855738697,38.55975925133334,89.56899442666165,18,0.5020081977391821,51.019482287916766,81.58136036917864
0,0,0,2,0,2.18233967754895,68.77220424305607,6.835320030995861,7.103488904400212,29.72872042813265,17,0.5831278234528693,164.5784750300321,66.77308038602916
1,1,2,2,1,66.37896861755891,72.27069576982285,78.37598424841073,21.07931015500286,22.99937539632405,11,0.5789653202958044,127.1122881149278,145.46554921391336
2,2,1,0,2,96.33944342135504,69.2532431537108,28.5758324592706,22.936577703767234,41.13039720662313,0,0.05451192743782629,166.90477555026797,145.73858700286252
1,2,2,1,2,56.016818346184195,13.443512940812186,43.276687959926264,46.91072110475787,24.05315851801487,18,0.3140438069184325,128.3745213335883,64.73236416360263
1,2,1,1,1,93.68224620330918,29.93955883716812,68.54438832219016,26.856216745364257,67.23838432917036,19,0.4991989468413318,146.1537286453032,87.55501160933497
2,2,2,2,0,5.225787928602377,35.87155254170135,33.2456157148712,10.09781068177611,82.60646845482856,16,0.21657918562724088,167.94974830925605,146.7412990392027
1,2,2,1,1,41.87933190741614,80.4437207679505,5.658565614671563,16.749108909410772,67.3092130911217,4,0.8726258854858964,110.7662081881785,30.584208918660387
1,0,2,0,2,26.015779096205115,27.875987241455302,37.39210470128136,14.727556355209092,82.43504472493495,2,0.08710928946143404,50.406222473067814,79.5213898054979
2,2,0,2,1,73.08209649807299,21.070496386720315,94.44485826943034,97.30767979122983,39.69921622074742,1,0.48738444167204287,177.49197439177829,42.054905961716216
1,2,0,0,0,98.12970904972467,95.74480190380962,64.17343972985582,75.92925069184736,15.631697070886085,2,0.691416057513152,107.13355439369938,91.09895586751232
2,2,1,0,2,25.65300624442478,0.88632851134689,67.1479148667207,96.7761465269562,73.79509473975922,7,0.26175110013448244,124.40640890248746,32.96039454485846
1,2,1,1,1,65.41746014740745,99.78208556819781,63.22821536376399,43.974048650790856,36.047450514155386,15,0.6242407369975181,51.16499632309531,78.82781176687534
2,1,0,2,0,19.809763275974014,67.68212988573956,19.899213895943678,27.83684816626566,67.12708252291326,5,0.8293851501423746,123.81380155251469,56.483888974240216
2,0,1,2,2,56.53302545716099,82.84692994491171,41.833386410228016,79.82931972091866,27.064394198176565,12,0.19033697509504754,197.97311023575944,93.99700349504889
1,2,0,1,0,46.39324866883362,29.461939634619316,75.09397983633183,32.62539180411468,8.122963480667266,15,0.9172205918248628,91.74014912281544,149.51923789208396
1,2,2,0,2,97.2005329631537,1.4315277667059978,10.137289755315916,29.93833737053483,99.25817954877634,15,0.553558532662358,109.31274053635671,126.06433261520972
1,2,1,0,1,60.85272726964666,73.78695185615301,27.785277608971228,23.25059922078312,15.620150793059928,2,0.29923200430106056,153.0784994703015,131.47705099493055
0,0,1,0,0,34.950637208681876,83.41445970006758,27.631910846585363,12.967897822423534,98.8420993963481,12,0.43085827538227073,172.21905012854882,106.2317984830897
0,1,0,0,2,11.409578488793336,74.04761319535191,43.2018927594506,25.646306101676597,97.72799325664472,13,0.31219188378638796,112.60874360091505,34.987181792671024
0,0,1,2,0,15.124682873493455,14.285028730083859,98.0368740942185,35.53197484738877,79.38181039080396,7,0.7251111599333161,96.45033056019389,54.815721125297294
2,1,1,2,0,22.53169299512351,75.34279222569691,6.750254668382194,67.39942081457303,65.94229620819976,11,0.7963006634151322,190.67386999776008,141.0077467736466
1,2,2,1,1,25.0966661340298,76.8922782107641,51.870099438059505,6.256484221945158,57.78070502510847,7,0.832937392318661,151.57174500075038,73.93357415145014
2,2,1,1,0,85.06160578411378,65.85405156700548,17.936468201221047,21.050693966534297,86.61015453778347,8,0.9857682495857412,67.85319567397116,42.43640717769547
0,0,2,2,2,56.12227882825249,76.61159327955862,97.06765454097442,80.90236402916764,28.943952161948793,0,0.7912842924966835,60.339181720197296,114.28864390394423
1,0,0,2,2,52.33909113743665,84.59214396777321,11.33035047274642,14.692192358377076,46.7681212484877,5,0.6013840706885634,122.53247761855536,65.93492687211055
2,1,1,0,2,11.476887186921747,61.360411423745845,40.36010023615913,34.26451465225215,61.93899693665019,18,0.3392202983917838,83.01350990709086,62.262829548500605
1,1,2,0,2,86.0139693349435,8.860471396967906,73.78849848346061,86.46589218581401,41.11904758694911,10,0.5445954487107494,88.09771300643803,149.75729466699124
2,0,0,1,1,72.28143032084837,48.76278096672109,70.45544280274453,15.492531114344265,42.7486454090268,10,0.04106817279040542,181.65382682417723,132.97667100319853
1,1,1,2,0,6.766836190000158,7.764933467160507,42.272863689393226,8.27368356181899,33.02846675020844,12,0.7448250755299131,63.4349036474466,78.95253820414092
0,0,0,1,1,70.78350972297687,40.75430310324308,34.652416795271826,48.45379950800108,56.4231816684536,10,0.4459555450921018,157.30461728433346,147.6313449379799
0,1,1,2,0,54.353821734264606,40.71064891256276,39.76123785528706,30.24195112785364,85.0574528015116,17,0.02002322973218762,90.67133800708821,108.01358681030564
1,0,0,0,0,8.172534574677826,6.600984414024158,26.42762631586393,56.34083644838541,20.152837800631286,14,0.06250694151041081,164.04923321062066,119.04269422557122
2,0,0,1,0,45.830064152865646,34.88205339694793,20.53329387067998,80.38048904834751,93.44330387534414,0,0.38746646382175665,158.36170766953168,33.78156516986539
0,0,2,1,1,48.469628713004695,11.099809879131485,48.303969755889,13.714848815274316,68.90876537482296,6,0.5834215190184351,51.10878521664395,44.59263112176686
0,1,0,2,0,16.577454016327575,80.82352100092221,26.853375606760732,58.0699084554285,82.32732126800302,12,0.4642039489521267,126.37031193823987,105.9702151795486
0,1,1,0,1,94.56981470002823,94.76880259644707,28.746166489725013,50.550876038986395,55.619069263001165,11,0.6192043172921549,70.89792235670696,137.88287791793806
1,1,1,1,2,84.99753714806619,7.231647525793861,65.67560634745571,14.407878601319958,77.95167014240634,17,0.4802942587913558,179.93405458680152,104.84924713051147
1,0,2,0,2,66.90223373291083,95.51152072917014,96.85373316998923,62.39984855289824,1.620039733946721,18,0.6617038454813468,180.73788242936098,46.08298731827901
2,1,1,1,0,46.22955610006072,52.25765993367452,60.363720055937506,27.364041786077166,81.83804247795352,14,0.21912606467080087,112.75187112406371,43.891205549558954
2,1,1,0,1,41.17655415845085,29.95656779538739,7.697946706496628,48.78343185440125,4.013885908536652,7,0.11284318718362141,116.65934276766208,131.3023074988898
2,0,1,2,2,65.09734671509541,7.686207527616351,7.558361385406698,8.227232427706188,88.99133763628625,18,0.59643395462566,95.49244091067906,46.71628064494972
1,2,0,1,1,54.543186940690546,50.06242680704178,95.1423220845566,45.958405721362304,99.19627472386433,9,0.48468951693630746,157.49094484400467,92.42783526048305
1,0,0,1,1,6.227310588188562,79.45155444907486,29.729079030733363,30.646346804282032,29.40674621767778,6,0.026867654044935296,103.79920445396887,34.45359839547627
2,1,1,0,0,51.25026487703317,70.70864772666981,9.206698608247542,82.23812111853543,21.031855628579365,17,0.38048188549303585,90.16887117839507,39.68037208694128
2,0,2,0,2,80.64036172328395,5.022601146397376,59.90445871503815,5.697872699736828,76.53633638580408,15,0.10612558549099549,114.83465892567624,110.68179211714377
1,2,0,1,0,45.923987759695805,7.290183536790352,62.36487782902661,41.860727491832996,25.302634092025322,19,0.5313568317526952,63.72312775811881,112.701769251302
2,0,2,2,0,5.195657755426842,40.28732826326371,64.85048201186882,45.8431424131438,86.55623831722035,5,0.39577767966043076,161.99048069663058,70.9763287930131
0,1,1,0,2,78.6278199384033,29.52904940479433,26.74020278575413,72.50060762991187,10.28425921574767,8,0.6131519111030179,51.88946019076804,55.87317182916537
1,2,1,0,2,20.13637821359744,23.238432305604782,1.5110684214475034,57.428757509021096,12.595519637935826,12,0.8056022187702383,146.6727592280891,127.64523249087695
2,1,0,0,1,25.862083488803876,28.10044989087136,96.50153694544719,66.72123371941811,97.91515551006155,7,0.2996686838414908,77.42967901323087,56.052387536386846
1,2,1,1,2,16.47063534322959,80.34827432968846,25.089304569110247,77.7049285651756,67.38388982700046,15,0.9621021041650275,84.86060693216197,95.04324835996556
0,2,0,1,1,33.02150648714976,92.92280536318539,67.60262880525475,86.22029736581888,84.68872244289528,12,0.5356345005875744,145.344799796006,146.18506090354867
1,0,1,1,1,75.6751505688635,40.510269452756646,70.66298698787095,31.38754967224705,32.4329377351518,12,0.618290798754788,198.94151986743609,47.74229254348605
1,0,1,1,1,51.93858595039374,90.61110021324971,61.00074170794857,53.802270536390296,67.64837495206044,16,0.680672373225737,166.6576233608826,142.90515209936507
1,1,0,2,2,20.488127415071254,32.1495701247882,31.290739421364822,84.01080784391999,59.42418273085972,19,0.6667315298575898,83.8759448335088,51.94716636824024
1,0,0,2,0,87.78300781520409,47.64369863437916,27.109625376406576,98.94511309650565,60.3150120122947,4,0.5109707430450621,76.40371325617006,98.09318496278755
0,0,0,1,1,87.95818549515292,22.602899781599973,59.76682827027031,88.95193110437631,68.25324595377215,16,0.4287642911146835,179.93493054015056,75.24092543504935
1,2,1,2,0,87.05784250460069,64.0476042175844,86.60956336116915,37.14672626243768,57.53591731290986,8,0.053781964177377906,116.62759218822565,145.7914321802191
1,0,1,0,0,23.87962113815393,97.89811151748088,94.67337289233956,19.516651721865042,42.906236930266594,1,0.02208584530117974,70.55792042422331,62.82504348023243
2,2,2,0,2,45.12393441809881,60.34930960433786,10.590580440375764,48.93925374065887,27.592269438054686,17,0.35796119453276465,179.33171349829072,77.95896025029043
1,2,0,0,0,98.49896561408751,35.78140841135489,15.482861259771985,74.16414518360422,76.8581330913202,8,0.33366089063369264,172.4138529371392,147.94321414265045
2,2,1,1,0,77.20124763099903,64.78174459905284,94.47362587830797,49.25690707532976,22.62724300031862,5,0.38769515483900674,197.58595458457452,94.37644694261678
0,1,1,0,2,2.716742122555982,12.292067846538757,73.65352283347926,48.31808633136685,69.23543061544142,10,0.13836820088819002,186.4615530069026,90.31561387455042
0,1,0,2,1,6.5204591260492055,88.86590802653987,88.29938248297731,83.82304210818006,23.333282264932663,5,0.7381682705368436,177.76855079908125,60.93341858447896
0,1,2,1,0,46.39313768123328,50.30839507798363,20.263263413534315,36.14037790671863,62.53301699544539,5,0.856964414776239,57.886159671650475,114.16362723725297
0,2,0,2,2,90.92202058615601,44.93497420396421,58.758587110940184,85.97946748116456,74.70782671290289,12,0.938714635374035,65.6623054247177,31.724754213333316
2,1,2,0,0,53.870179795271426,58.58647884535192,70.11395944174737,40.680480095172356,21.87138889065392,10,0.49236230351962584,135.34747914561842,35.94151556427522
1,1,1,0,0,49.781250803429025,62.47838627894025,68.01118854469726,32.82331056783394,5.994330086130828,13,0.7008656991254286,129.72188694227313,101.92303045629632
0,0,2,0,1,10.547369995663058,7.177580622651303,40.81516908666981,45.3989911199699,13.097374299417408,1,0.8555511234358725,118.69448217343032,71.00094885821449
1,1,1,1,0,65.6780104724294,68.26172212234025,1.5394891691308477,76.24469586748684,60.59969672710255,7,0.41829111109348593,109.51839881218763,144.39796466411525
2,1,0,2,2,82.21031606002255,24.193168031552958,58.29260568042631,12.600202786399429,84.94464062257356,2,0.3094127948704444,114.68157272964933,138.38288288673428
2,2,0,1,0,38.04200075075623,71.39526325065899,25.310153917960875,19.64192158720174,4.499682123542437,2,0.9367245558534901,135.39469012021928,115.64475104120487
2,2,0,1,1,77.56118509253275,82.25347943841967,45.02542461428904,95.1444825663092,73.41512590416463,0,0.5156765510770731,50.31147764001218,128.17746973533616
0,2,2,0,1,96.44766539008116,80.39585075525203,95.75810150838173,17.54916273813574,34.13186459500521,18,0.497253886590878,89.10631611992784,110.0798219601232
1,2,1,1,2,20.376645912768907,55.25009674078891,39.903531764243475,56.77273179310546,47.85283699195225,17,0.17841609656349577,127.74195810330666,45.06985232521928
1,2,0,1,1,52.33296311947413,52.016989231075115,83.98016066644267,57.931446666193786,92.88595498455656,16,0.10815501457335674,158.33241480104692,121.86520436270432
1,2,0,0,0,28.713795808457554,14.287596133941172,18.854060574925114,48.96244620502448,33.19715047358455,19,0.8421068624835116,76.12350385930945,55.223036246261564
2,1,1,1,1,79.28544190338394,77.53461504031355,67.24604980250288,64.47452485768186,46.5336933939486,12,0.6141331761875181,132.03217606811495,68.81314261202361
0,2,0,0,2,57.75933658811575,27.140938044671437,97.70069544389435,22.982672579761843,1.3682414760681105,2,0.3258245840194487,157.16895258286726,128.30810545229042
2,2,1,0,1,63.45824175503038,49.669542281794655,10.189310087293679,55.266226777674824,8.159872000483837,0,0.19173621739026647,116.6941486870857,94.38307300721378
2,0,1,0,1,79.79141596158941,28.42740929275167,0.8319942227192012,37.21732552468971,25.859159113478402,3,0.5554972801696314,54.06217005050766,133.1928857020091
1,1,1,0,1,39.59704726624549,13.382836299969314,43.35827926326144,66.1667259629189,2.7852240821074403,12,0.5839192892611353,117.3902237698455,55.5642383811917
2,1,1,1,2,91.50900684070432,62.95576968917366,9.26254830513672,14.122354337314945,63.1375326048251,16,0.20699360124505817,94.46673316162297,102.93341263282646
1,1,1,0,1,53.302886724614,5.4332034822903825,74.83843496762313,57.08774168394763,42.63983568016225,10,0.8514057478914739,189.44744115519924,40.0549167057914
0,2,2,0,1,15.7954822835348,74.86452341262,91.45486638485589,18.52703553833237,54.814520272802206,1,0.08426436615585109,68.69200785174911,107.16731922480356
1,2,0,1,0,69.58991181688025,31.758679526111667,43.402097270875885,27.86430631150364,17.464718589632955,15,0.3560930851664217,147.87139332608484,121.50408453306417
0,2,2,1,2,79.32613504382545,0.013469300448532007,25.871164215544095,21.87098003235832,29.593202943661613,1,0.6803844137625221,57.90796495017517,100.1917072774466
1,0,0,2,1,31.67616770675267,51.11291392372298,43.44033190066098,18.28377798688171,66.38244748527251,18,0.2741203638192007,116.92556567190448,61.94778017985723
2,2,2,1,2,85.7179256998753,4.6851908527603126,72.3447817850001,82.5710951560667,96.53027236303998,18,0.8276751947812718,133.0969230830121,33.76112026306401
2,0,1,1,1,90.61432547657664,27.616955782089946,0.9054161580370979,28.570756766089033,5.04167736022092,15,0.7398678266004035,94.69323969752982,44.33386607571429
0,1,0,2,1,27.690448737780894,70.69764874557161,58.945398948469716,92.71237818644494,89.03843208552661,18,0.7890228445481342,118.26134532805767,104.67635748888314
0,2,0,1,1,98.3521472715222,6.268962162186586,61.329168488737906,96.99265253451908,57.68812013112085,8,0.11910653587671627,74.5330691795281,142.13042602110164
0,0,2,1,0,14.071152804875842,83.93384923560023,63.76882468959355,57.126046993709735,56.39195667556237,0,0.14054712799554292,95.61857742020543,54.78412847664077
1,0,2,1,0,20.201566840248997,0.3819922658583108,24.202207998087722,14.30011226657264,50.027853520776034,9,0.2864737377445836,143.16594873653045,118.20313789261185
1,2,0,1,0,18.422483923802613,24.682386920190226,71.40527233781268,37.45482433795813,6.9394085904183385,18,0.5180771651975611,95.27000837917326,133.97412758988497
0,1,2,2,2,89.39897100078704,74.09040561520715,9.13914863317764,79.7732263348214,8.987685173616066,0,0.7480160766994024,184.96146176133075,92.50586141370133
2,1,2,1,2,65.42925523249619,31.627014972930677,19.92703364668008,36.739072869707044,60.09120056590861,1,0.8365308907609035,144.26104364614847,110.31189550123894
1,1,2,1,0,15.210428322227287,10.189238806601352,87.74700466544819,8.701721830278874,34.09585714355583,15,0.7043353159571805,115.79735276539768,127.80183800113778
1,0,1,2,2,44.032341836834895,36.02339188004279,73.87231507265663,55.678491092818795,91.72680665776807,11,0.9285968815306384,55.81354033312737,61.281018928871234
1,0,1,0,1,61.529802506980204,27.039328638452552,1.3745554011345251,84.51208514960348,40.659053735947225,7,0.7387435096159303,124.93225028070069,65.62748091216515
0,0,2,2,1,8.34640849893833,84.27119021605549,24.83762603698002,79.59263871435024,14.328145870264109,17,0.3062678870046147,164.71643631876339,30.07530199541474
0,0,2,0,1,88.24163684073388,31.334791758514314,21.440648299316457,17.512314013035322,71.4718833502036,1,0.2650812843385726,89.83363970186204,145.57129570773628
0,1,1,2,0,80.36035354415351,78.89324717760073,27.080632803697256,67.27646144124667,29.335342144100984,12,0.6961924503010899,171.01603544731512,140.10538735156138
0,2,1,2,2,50.52067735766382,89.18721448107347,24.755977027988642,22.05042634356471,52.54703073558932,5,0.19287056868961427,87.77101490763222,121.74819165113163
0,0,0,1,0,96.71266152591704,43.381741957652956,6.252629574284574,21.820753455217222,69.783278550517,5,0.09271481081026989,173.56195819262007,39.48912251719777
2,0,0,0,2,41.77609792750997,90.9943143854392,45.894051659682034,87.40717733051852,90.02641112020704,8,0.5322228748561939,62.79025124175161,83.70034676394098
2,1,1,1,1,98.41103190364979,37.73180539631929,73.27334747861651,24.966895274023017,79.2191194801676,15,0.8216415697789553,179.92755633035443,42.22701047658634
0,2,2,0,0,66.79199988036271,96.40784164901082,60.67317247174364,26.32473465180112,67.63610678727241,10,0.10137984246986353,124.87796763999957,31.910432071535833
1,2,2,2,2,63.467127325394145,8.928952452557294,67.28716685980798,0.06533907612995549,67.96331823951436,6,0.7918913237957292,94.4806384430393,103.94195582551167
0,1,2,2,2,16.5954895295785,68.70192665032427,8.114917853623915,87.06690341255177,94.59246440320865,9,0.8115720043515481,89.7669875622723,145.2995300496226
2,1,2,0,1,88.1927758304644,49.38140404569287,95.14907101767872,79.25948132091347,29.582409749653603,9,0.48227400008154353,114.8015838395544,138.344162811858
2,2,0,1,0,42.74896879206152,38.76488054556471,83.84918338430248,62.7328935090678,0.11120941961874076,19,0.05731031001048681,199.85742471554676,113.61057779224852
1,0,1,1,0,16.223340578247935,63.27118787486009,80.50903184956627,75.02657639388423,27.19545593981987,17,0.1745898512471864,83.04910901563738,41.59687009978457
2,2,2,1,0,1.260751997575904,70.38570916343312,82.29838050417675,15.20485674244918,21.7891379626744,19,0.7074262751619323,65.48249733184994,62.89968452067602
0,1,0,1,1,55.975568363838256,0.43632696503090873,93.27105081327613,45.832359458757544,66.18345851139982,8,0.7117779449909495,137.75527530779928,68.40680722623492
1,0,2,2,0,52.739962212267635,16.69530887471987,54.42539661136977,35.121938734878086,63.3711599765529,14,0.8983552751676653,123.28136996603857,121.57800692946735
0,0,1,2,1,71.93536223691585,71.30460506343186,20.02820178676259,9.37765262570165,59.34613827047238,3,0.5826861465545828,128.62944065949608,126.26990150821369
0,1,0,2,1,89.02580530178021,66.63854135782064,61.678360785254114,48.61304852149241,1.62434432094537,7,0.1241073677137774,150.04031263358257,76.21273475879045
1,1,1,2,1,7.9406584643029525,96.60475051286772,74.2881493667939,92.07396503426354,72.87780544506475,8,0.12141490550497214,90.0716104805974,80.14607959411316
0,1,1,2,2,73.14964903403623,76.1037790250783,73.79173933540254,4.005911905069448,32.353041248549154,12,0.7211323573568237,186.59974930758327,35.34108471314056
2,2,0,1,0,18.741194409758222,95.0772707731338,52.14490241668801,29.14609134937939,66.50559890066312,8,0.18378466510790115,115.35080991834356,64.69640621025133
0,2,0,1,0,85.8177053157164,70.25405015348069,6.845871933357806,20.754093620570345,55.65784285021533,3,0.32838549961660535,69.36292927136927,84.15422126131679
1,0,0,1,1,81.90635138616561,29.805220863944314,37.11129384301278,23.81466536656963,34.27309254279072,16,0.4872120069219139,161.34481351009163,44.03796556623091
1,1,0,1,1,54.07937549855444,10.536492225085647,92.07666084633573,90.84345518793752,13.457626710410775,15,0.0247648775761512,146.46565289267755,84.39209529060255
1,0,0,2,0,71.02427986233116,78.18238633449356,58.4448909757426,46.806905423429015,9.441889766048096,14,0.24881902701993186,97.36151037260557,132.38109747093603
0,0,0,2,1,31.43501131837484,64.4149221475916,53.83319432557134,46.62994129398188,83.15183331122236,2,0.40788960850728007,143.22780860510727,99.7585223670064
1,0,0,2,0,47.116789893281464,4.818601239329623,26.885351438219352,76.05756424552823,91.8397542081558,19,0.27963631849320625,82.97929345534652,39.47158260460948
1,0,2,0,2,82.16368977104716,36.005046590097834,36.84489199165789,15.44922040049258,64.97880467642996,4,0.13637032746756583,116.72590390107943,53.00055825963292
0,1,1,1,1,45.92651971732139,95.67998154842861,89.53460891531692,48.72653541000508,10.343411486048337,4,0.7280122577961974,184.9118783250988,86.94532201902675
2,0,0,1,0,35.77982653254418,50.04011457102012,66.64630475268358,42.99852141210597,40.20272168882407,19,0.8131476551679849,70.03013497411241,73.37845797861745
0,1,2,2,1,49.421244725029986,43.272913601970465,78.73870267523328,59.69106905466561,72.89392001051573,14,0.25747897614372484,108.0044674981193,73.04724234553186
1,1,2,1,0,82.82492524372184,45.7699605159294,45.434542306765515,99.95577032504386,77.9820884010068,17,0.7744194946063033,173.17136370805207,93.51209377723082
1,2,2,1,0,33.520804737087275,20.88827240051637,63.024721945615795,76.9448894082047,11.82186222910886,14,0.38555356440131383,195.42363491092672,100.12751059073489
0,1,1,2,1,17.37615931357438,36.87071708647952,24.838360874320752,39.78657030174272,0.003071884538241587,1,0.5066857908540028,118.08892046326939,125.62338843314294
2,2,0,0,2,71.20140203307808,36.98132559871766,70.54608302834863,82.75530522740469,71.2137045880605,12,0.8560010748931528,126.04994302150212,70.91598761549815
1,1,2,0,0,82.59782127080818,5.2355020187472405,42.76013337033373,17.070836331248017,35.659617598620564,3,0.7499536818024078,135.82579426756547,126.6559539648704
1,1,1,0,0,10.063747852353334,76.75676285179182,44.25455148147456,3.0463686308960125,25.448133161826025,9,0.8051168513161777,189.85222124505663,70.63334749351591
1,1,1,2,0,23.98741127559447,41.6504431903879,64.93223245768817,20.444837246427305,1.289746978952544,12,0.13684516658635681,178.73101864655447,36.65195867294806
0,2,1,1,2,14.19719897609939,82.21798868164232,93.62806214689266,34.041155611425964,54.02994067614997,9,0.06971942583372948,75.59016869324665,96.50251812057493
1,2,2,2,2,34.79414115821666,85.03480011198954,6.400634660862092,51.05807574595599,85.11507354259817,8,0.8934047290879871,115.51367267706125,100.54827898737774
2,0,0,2,1,45.035097890541266,21.199405469865805,82.47432373470076,61.51291405411998,95.76316462725879,7,0.38783426957109435,119.60006422946394,142.1448294746232
